Round,Relative Time (ms),Value
-4,6.410809516906738,inf
-3,10.487966775894165,inf
-2,16.015419960021973,inf
-1,21.142821550369263,inf
0,32.93003487586975,inf
