Round,Relative Time (ms),Value
-4,6.336456060409546,inf
-3,8.897124528884888,inf
-2,13.647047758102417,inf
-1,20.729267120361328,inf
0,23.518045663833618,inf
