Round,Relative Time (ms),Value
-4,1.660520076751709,inf
-3,10.607502460479736,inf
-2,12.352352619171143,inf
-1,16.319594383239746,inf
0,22.984968900680542,inf
