Round,Relative Time (ms),Value
-4,1.1680777072906494,0.8516865968704224
