Round,Relative Time (ms),Value
-4,1.722029685974121,0.5986683964729309
