Round,Relative Time (ms),Value
-4,0.6521830558776855,1.9046462774276733
