Round,Relative Time (ms),Value
-4,8.897598266601562,inf
-3,14.25429081916809,inf
-2,24.102535009384155,inf
-1,29.999001026153564,inf
0,35.019957542419434,inf
