Round,Relative Time (ms),Value
-4,0.9752438068389893,4.435417175292969
