Round,Relative Time (ms),Value
-4,4.885448217391968,inf
-3,19.172279357910156,inf
-2,36.91213917732239,inf
-1,80.67786812782288,inf
0,83.50260758399963,inf
